number,first_name,last_name,email,profession,age,date
12000,Grier,Arvo,Grier.Arvo@email.com,developer,31,2022-12-17
12001,Tierney,Tremayne,Tierney.Tremayne@email.com,worker,51,2022-08-28
12002,Rori,Virgin,Rori.Virgin@email.com,police officer,18,2022-07-11
12003,Doralynne,Tiffa,Doralynne.Tiffa@email.com,doctor,50,2023-01-25
12004,Ardenia,O'Rourke,Ardenia.O'Rourke@email.com,doctor,36,2022-09-07
12005,Dale,Francyne,Dale.Francyne@email.com,firefighter,54,2022-02-12
12006,Kittie,Yorick,Kittie.Yorick@email.com,doctor,58,2022-03-27
12007,Layla,Krystle,Layla.Krystle@email.com,doctor,45,2022-09-27
12008,Rosene,Donell,Rosene.Donell@email.com,doctor,40,2022-12-24
12009,Jessamyn,McCutcheon,Jessamyn.McCutcheon@email.com,developer,21,2022-11-23
